StateAbbreviation,StateFIPS,CongressionalDistrict,Population,MedianHouseholdIncome,MedianAge,CollegeGradPct,AverageHouseholdSize,PovertyRate
"AL",1,1,713410,47984.0,40.0,0.1641619695128642,2.66,0.17036079230126672
"AL",1,2,673776,46579.0,38.5,0.14469643537724897,2.67,0.1804660895567201
"AL",1,3,710488,46484.0,38.1,0.1265773794580844,2.51,0.17767135414399118
"AL",1,4,685553,43218.0,40.7,0.10725190105741311,2.67,0.1761344582506659
"AL",1,5,718713,54707.0,39.5,0.20140268022927263,2.46,0.1378475437412521
"AL",1,6,700401,65170.0,39.1,0.23415771399766863,2.63,9.949208636856281e-2
"AL",1,7,672406,35988.0,36.3,0.1335217723797686,2.5,0.24632245290648225
"AK",2,0,739795,73181.0,34.5,0.17950789204275264,2.84,0.11105497507189731
"AZ",4,1,765810,50303.0,37.6,0.15070522058852884,2.86,0.19222375671721384
"AZ",4,2,720429,53516.0,41.4,0.20022581487135274,2.3,0.13904652827487474
"AZ",4,3,773297,47670.0,31.8,0.11141435428855649,3.08,0.20005825988203046
"AZ",4,4,771214,49387.0,48.1,0.11920184712772341,2.43,0.1343436401063556
"AZ",4,5,822497,71675.0,38.0,0.23943641442088173,2.81,8.004673869156134e-2
"AZ",4,6,783087,73425.0,42.3,0.2717312716046125,2.4699999999999998,0.1055229815772089
"AZ",4,7,833654,43969.0,29.7,9.420810827971988e-2,3.37,0.2421036832394545
"AZ",4,8,777208,67699.0,43.1,0.19975013006558184,2.64,8.219939014747034e-2
"AZ",4,9,769074,56598.0,33.5,0.2435894655702995,2.48,0.16306167202538283
"AR",5,1,722287,41143.0,39.7,0.1085123819415144,2.45,0.18620867245524747
"AR",5,2,765193,51287.0,37.4,0.18435552678578393,2.55,0.13531669865642995
"AR",5,3,807421,51335.0,35.5,0.1909088642218271,2.62,0.1446763716329881
"AR",5,4,709378,40903.0,40.8,0.11163457641912322,2.51,0.19520141964668833
"CA",6,1,718214,51478.0,42.3,0.15805186027402118,2.45,0.17059912530987006
"CA",6,2,717999,76114.0,44.3,0.2524098233214184,2.5,0.12294441097681334
"CA",6,3,750271,65934.0,35.2,0.16084126954621591,2.9,0.13606013348620885
"CA",6,4,748410,75841.0,44.6,0.21196389143621386,2.62,9.344289034783672e-2
"CA",6,5,732438,78152.0,40.2,0.2126712612496315,2.71,9.770656222210236e-2
"CA",6,6,764344,54243.0,34.4,0.1791257227561428,2.7199999999999998,0.17885908573744588
"CA",6,7,750860,74608.0,38.7,0.22251933949668937,2.8,0.10302752293577981
"CA",6,8,721449,52428.0,34.2,0.10459359112992214,3.1,0.18185435903849734
"CA",6,9,774266,65392.0,35.0,0.14948961454471585,3.22,0.1482181560246424
"CA",6,10,758005,63223.0,34.6,0.12358169988811073,3.15,0.1286341393206678
"CA",6,11,764135,90155.0,39.7,0.27771830238626977,2.82,9.807650151994148e-2
"CA",6,12,774736,111717.0,38.2,0.36031234167799214,2.31,0.10240892913220978
"CA",6,13,766731,76915.0,36.8,0.2717636387672963,2.6,0.14212969836562886
"CA",6,14,756389,110507.0,39.4,0.2873202930668822,2.95,6.392873623176776e-2
"CA",6,15,785387,116710.0,38.5,0.2774245716148513,3.06,5.0611176608078984e-2
"CA",6,16,729788,43839.0,30.8,8.693188595968031e-2,3.33,0.2673894820622677
"CA",6,17,771078,124131.0,36.8,0.2824635873029056,3.0,6.404025559943842e-2
"CA",6,18,742728,134077.0,39.8,0.30585699860079524,2.7,5.825209438799994e-2
"CA",6,19,770105,101427.0,36.7,0.22923336092763155,3.31,9.054260101474802e-2
"CA",6,20,744295,73076.0,34.9,0.16785023956021256,3.18,0.11513651522194629
"CA",6,21,723549,42621.0,30.0,6.2138836949270394e-2,3.58,0.24730178073725087
"CA",6,22,760328,57667.0,32.2,0.16578032029679077,3.08,0.1774990877540638
"CA",6,23,745328,55680.0,34.5,0.13221984410870802,3.01,0.17840488802412044
"CA",6,24,740039,71356.0,36.0,0.2058570690516723,2.75,0.13631317474644813
"CA",6,25,721740,76866.0,35.8,0.18597369124276983,3.27,0.13194698586252132
"CA",6,26,732091,82029.0,38.0,0.21593854997203477,3.1,9.296359706201458e-2
"CA",6,27,717980,77629.0,41.2,0.25898130179502005,2.93,0.10295241167382557
"CA",6,28,719156,65849.0,40.3,0.30750003580994945,2.38,0.1378434363934105
"CA",6,29,713745,53347.0,35.3,0.15101155165729388,3.34,0.1639156657996646
"CA",6,30,771201,81276.0,39.3,0.293160560312009,2.71,9.38153069286434e-2
"CA",6,31,762208,61631.0,33.0,0.16285069932963667,3.29,0.15675811633869555
"CA",6,32,725317,70390.0,37.1,0.15564329032520657,3.66,0.1177942855698208
"CA",6,33,705588,105200.0,41.2,0.36982579761205714,2.35,7.921992468862203e-2
"CA",6,34,763303,46883.0,34.8,0.19946368851272597,2.91,0.2214000377137951
"CA",6,35,745237,60741.0,32.6,0.1181226838054267,3.73,0.1631615457262969
"CA",6,36,737403,46494.0,43.7,0.1285694581169095,2.62,0.1785405162176332
"CA",6,37,713530,59069.0,35.5,0.22890964119310261,2.54,0.1854272483353729
"CA",6,38,718428,72463.0,37.0,0.16645496773132734,3.44,0.10231058949655104
"CA",6,39,736480,89300.0,38.4,0.2739037888463176,3.22,9.879501555924164e-2
"CA",6,40,738618,47190.0,30.6,7.669728993132327e-2,3.99,0.22579947024122263
"CA",6,41,765770,64658.0,30.7,0.10795659217045618,4.02,0.13814980047287395
"CA",6,42,826899,83837.0,34.6,0.18048924974736036,3.59,8.350346307176726e-2
"CA",6,43,745656,56655.0,36.1,0.1890282941960114,3.03,0.16627052956799826
"CA",6,44,717097,50346.0,32.3,0.10405917414071955,3.77,0.1864769905574856
"CA",6,45,777871,102040.0,38.8,0.3357933784661041,2.7800000000000002,9.113689046728778e-2
"CA",6,46,734649,65334.0,32.4,0.1433671962292745,3.82,0.17009273817417983
"CA",6,47,723526,68300.0,37.5,0.22012386268063308,2.89,0.15542938353161917
"CA",6,48,721632,89807.0,42.9,0.29200094699500917,2.69,9.63067205075632e-2
"CA",6,49,747350,88314.0,39.5,0.2692588275408172,2.7800000000000002,7.625804839265583e-2
"CA",6,50,754388,77155.0,37.3,0.19592746987761922,3.09,0.10190146769621529
"CA",6,51,746496,48043.0,32.5,0.10807914561332727,3.49,0.19904377435321374
"CA",6,52,768240,95770.0,36.2,0.3343751327647768,2.61,8.211200556283597e-2
"CA",6,53,774182,72479.0,35.2,0.2506573066939852,2.8,0.13234878425419425
"CO",8,1,826995,67441.0,35.2,0.30139806633264316,2.34,0.1125413619536353
"CO",8,2,799734,80019.0,38.1,0.33268043290618154,2.46,0.10744275005663213
"CO",8,3,749478,52765.0,40.3,0.2077967401725791,2.51,0.1372228504006686
"CO",8,4,817251,73735.0,37.1,0.24042082522583844,2.71,8.819881218356708e-2
"CO",8,5,799622,64179.0,35.6,0.22410037646828282,2.59,0.10824503034980497
"CO",8,6,814636,80606.0,36.5,0.2836319209277923,2.77,7.470386460110828e-2
"CO",8,7,799438,70574.0,36.1,0.22530087377040173,2.64,9.521091965611657e-2
"CT",9,1,710509,69766.0,40.6,0.20287751995800662,2.49,0.10916861474034449
"CT",9,2,705217,73805.0,42.6,0.19667077180703402,2.43,7.705473791140591e-2
"CT",9,3,716547,69178.0,39.4,0.19107260989805766,2.57,0.10354178115870766
"CT",9,4,737616,94547.0,40.0,0.2667383839962178,2.77,9.065760256044461e-2
"CT",9,5,718295,71995.0,42.4,0.21230695130667163,2.55,9.868358341881339e-2
"DE",10,0,961939,62852.0,40.1,0.18026498992112053,2.62,0.13582160272186553
"DC",11,98,693972,82372.0,34.0,0.23891762060920232,2.32,0.16638360867156493
"FL",12,1,770361,55229.0,38.5,0.17740301059198496,2.48,0.1355153926094338
"FL",12,2,731845,48838.0,41.9,0.14838113253718704,2.55,0.15788683819811838
"FL",12,3,739130,47611.0,37.6,0.14964294424367267,2.64,0.1819512734886809
"FL",12,4,800494,68964.0,39.6,0.2605319591701409,2.57,9.542136797102856e-2
"FL",12,5,729175,40920.0,34.0,0.14220227375654604,2.58,0.21982181289495376
"FL",12,6,764500,48197.0,47.9,0.14585777126099705,2.44,0.14476526655832098
"FL",12,7,772969,61423.0,36.5,0.276273883854336,2.59,0.13207471497935874
"FL",12,8,756993,52180.0,48.5,0.18519287596837314,2.57,0.11499072009400077
"FL",12,9,868945,50964.0,38.3,0.15541441522548952,3.14,0.1445253094542194
"FL",12,10,830014,50963.0,35.0,0.21441565084579695,2.95,0.1595310640236734
"FL",12,11,770114,46001.0,55.5,0.144410862108127,2.34,0.1243179368161922
"FL",12,12,779151,52573.0,46.5,0.1764579257379249,2.45,0.11538656612960489
"FL",12,13,730650,50724.0,46.9,0.19702657253369046,2.35,0.13040696186332223
"FL",12,14,776940,51774.0,37.1,0.23096123048303435,2.5300000000000002,0.1763132790346433
"FL",12,15,804652,53367.0,37.7,0.16927759196095826,2.84,0.1502019882050499
"FL",12,16,814209,59437.0,47.3,0.20345361746072727,2.55,0.1010321309223737
"FL",12,17,778091,49449.0,51.5,0.13537883973969747,2.54,0.14160849724543598
"FL",12,18,772184,58754.0,47.7,0.2101908705542314,2.6,0.10110999096473369
"FL",12,19,814074,56828.0,51.3,0.19815439587171696,2.56,0.10518987310269996
"FL",12,20,776092,44436.0,36.6,0.13349633720707246,3.06,0.1764834323581678
"FL",12,21,788240,58410.0,46.1,0.21576221879078974,2.64,0.12045658858502999
"FL",12,22,757352,62353.0,45.1,0.2466143248308705,2.46,0.11316886736186704
"FL",12,23,753950,66872.0,41.0,0.24984774779516253,2.8,0.10170303445165439
"FL",12,24,770480,41172.0,37.0,0.13513298582380776,3.15,0.2048627047558756
"FL",12,25,780826,50120.0,42.7,0.15841929975586005,3.12,0.16227442792392635
"FL",12,26,797160,56496.0,38.7,0.19672493033691602,3.45,0.14423728662681198
"FL",12,27,755809,56183.0,42.1,0.23855694633430458,2.74,0.15043608837236094
"GA",13,1,747334,51223.0,35.6,0.15189144002662056,2.62,0.16572589405687257
"GA",13,2,674100,37569.0,36.0,0.10275684103737294,2.59,0.24953734838808242
"GA",13,3,738066,58949.0,38.6,0.1805651093720917,2.66,0.14094769010023248
"GA",13,4,765854,57349.0,36.4,0.18288882569241569,2.9,0.14245855402000598
"GA",13,5,784370,51810.0,33.0,0.23309544739520682,2.45,0.19166796436606937
"GA",13,6,756389,92317.0,37.8,0.3824431250502429,2.64,7.184317204958054e-2
"GA",13,7,807492,74868.0,36.1,0.28321447729942684,3.04,0.10027281380457838
"GA",13,8,702262,45279.0,37.5,0.13372391884596607,2.63,0.19748946069459042
"GA",13,9,755181,56754.0,41.4,0.14581000508628308,2.82,0.1340879835838661
"GA",13,10,736838,53479.0,36.4,0.15420641767312832,2.73,0.1570805415033643
"GA",13,11,768968,72445.0,36.9,0.26666705333959745,2.64,9.80678831846615e-2
"GA",13,12,722937,43177.0,35.9,0.13095278955226441,2.79,0.19698689580907777
"GA",13,13,752631,55682.0,36.1,0.1692464250462929,2.79,0.12827234285222405
"GA",13,14,716957,50132.0,37.8,0.1046846210151695,2.75,0.14662388412761143
"HI",15,1,714328,80083.0,39.7,0.2341200934679615,2.95,7.855222212151425e-2
"HI",15,2,713210,75289.0,38.6,0.1998691777387558,3.09,0.11240412360430357
"ID",16,1,890052,53561.0,38.2,0.17429438142970194,2.7,0.1254111204862845
"ID",16,2,826891,51307.0,34.2,0.1916305400544205,2.7,0.13130307237219707
"IL",17,1,720977,50744.0,38.7,0.15996141115553517,2.62,0.17849675081300126
"IL",17,2,702756,50391.0,37.9,0.13319138920260076,2.73,0.18685130597715152
"IL",17,3,725538,65230.0,37.7,0.18863908719387912,2.91,9.986144917729332e-2
"IL",17,4,700585,53955.0,33.7,0.1703314636492343,3.15,0.1579996266888739
"IL",17,5,729300,82210.0,35.6,0.33942124611179186,2.41,7.900935197982219e-2
"IL",17,6,720542,98889.0,40.4,0.3250811630847029,2.71,5.2376680100911524e-2
"IL",17,7,697263,58444.0,34.6,0.23228303521273116,2.33,0.21180364774681393
"IL",17,8,713012,69386.0,37.3,0.21823461829114196,2.79,9.046320215261253e-2
"IL",17,9,732614,70552.0,40.2,0.3171066395439053,2.46,0.12191559991686934
"IL",17,10,714681,80229.0,38.2,0.25405705762173286,2.75,8.622748982739266e-2
"IL",17,11,721823,75446.0,36.9,0.2236422736103172,2.88,8.296656964121125e-2
"IL",17,12,695178,48570.0,39.5,0.13490620204403336,2.44,0.18233579125473356
"IL",17,13,698295,51129.0,36.6,0.18198614318706696,2.32,0.18878521743101112
"IL",17,14,746748,92461.0,39.2,0.2630681347459117,2.84,5.323896482792155e-2
"IL",17,15,701482,52527.0,40.6,0.1293350361433832,2.43,0.13649953780022583
"IL",17,16,690420,60326.0,40.3,0.13352998020871576,2.49,0.11044145260711927
"IL",17,17,689744,48036.0,40.7,0.12688097196734796,2.36,0.16581000390074113
"IL",17,18,701065,65048.0,40.5,0.21824328929405665,2.44,9.322366074980917e-2
"IN",18,1,714257,56293.0,39.2,0.15677376451608932,2.56,0.14790476628317262
"IN",18,2,722928,53440.0,37.9,0.13848119974650872,2.6,0.13695731328578467
"IN",18,3,744914,53197.0,37.2,0.15189948620455124,2.56,0.1197636411768014
"IN",18,4,758815,56721.0,36.8,0.16477857457895684,2.55,0.1251728001830338
"IN",18,5,781441,71573.0,38.5,0.2972668103010682,2.52,8.214986269125148e-2
"IN",18,6,720147,52636.0,40.3,0.14435334079037837,2.48,0.13099435698497255
"IN",18,7,755875,42630.0,33.5,0.15739749348758025,2.58,0.19745544804625378
"IN",18,8,714623,50666.0,39.1,0.14095414413613983,2.41,0.14403498342990095
"IN",18,9,753818,54504.0,38.0,0.16420276643811185,2.5300000000000002,0.13133530879686567
"IA",19,1,774043,57295.0,39.1,0.18682693458644004,2.42,0.1047107038827482
"IA",19,2,780802,54758.0,38.2,0.18494694446595927,2.45,0.12325430227031721
"IA",19,3,835190,65023.0,37.1,0.2260134777609769,2.5,8.899019218430139e-2
"IA",19,4,755676,55496.0,39.2,0.17598089212577092,2.32,0.11394185596639585
"KS",20,1,702327,49380.0,35.4,0.1681351694658951,2.46,0.13854069097802657
"KS",20,2,715120,53483.0,37.9,0.18347698592289374,2.41,0.12755027667477156
"KS",20,3,770493,74120.0,36.7,0.2922611555087185,2.6,7.919085132619641e-2
"KS",20,4,725183,53657.0,36.7,0.1944749328785397,2.56,0.13523308085908095
"KY",21,1,716177,41930.0,40.3,9.30049208076912e-2,2.49,0.18035601796346346
"KY",21,2,760681,50289.0,38.4,0.11539893507000053,2.5300000000000002,0.14940610955867856
"KY",21,3,746559,53677.0,37.9,0.18908629687739392,2.4,0.1402712145534567
"KY",21,4,760043,62095.0,39.0,0.17481619747081523,2.66,0.11896677258418559
"KY",21,5,696337,31731.0,40.9,7.188098058871777e-2,2.52,0.29103339727509714
"KY",21,6,774392,52156.0,37.1,0.19078083286240427,2.45,0.1657367183185785
"LA",22,1,808968,58199.0,38.3,0.1965811502722618,2.61,0.14151259445843828
"LA",22,2,797298,37340.0,36.6,0.13769340185116843,2.64,0.2705352932181458
"LA",22,3,788118,47741.0,36.1,0.15220019085993003,2.67,0.1768675084442345
"LA",22,4,753143,37102.0,37.1,0.12339103506572069,2.54,0.2321396508454737
"LA",22,5,740217,37415.0,37.5,0.12455029250183773,2.59,0.2509538466876689
"LA",22,6,796589,62374.0,35.6,0.18802670796844023,2.67,0.12253830715810264
"ME",23,1,683279,64599.0,44.0,0.23579510207675466,2.39,8.701043231589016e-2
"ME",23,2,652628,48603.0,45.1,0.16107012868153334,2.42,0.1355601103665747
"MD",24,1,734002,73206.0,42.6,0.18940162271805275,2.65,8.64078630653634e-2
"MD",24,2,765155,68204.0,36.3,0.19327063008677842,2.61,0.10484345479082322
"MD",24,3,763763,87732.0,37.3,0.24778144075626865,2.57,7.839084539460955e-2
"MD",24,4,761353,81151.0,38.1,0.18785662791054392,2.82,7.98657629272684e-2
"MD",24,5,768507,96325.0,38.2,0.20444142911264196,2.86,7.066864927733306e-2
"MD",24,6,779616,79247.0,38.9,0.2176307457391148,2.7199999999999998,9.889520102119399e-2
"MD",24,7,718158,60929.0,38.9,0.20059909150529284,2.55,0.16568769339333167
"MD",24,8,761623,100953.0,40.4,0.2626979751356213,2.67,6.304189428058019e-2
"MA",25,1,736460,55465.0,40.8,0.17379218672114002,2.46,0.14199041070851084
"MA",25,2,744124,67531.0,39.6,0.2326269471476393,2.52,0.10936128509949294
"MA",25,3,769115,75654.0,39.1,0.2112990114990448,2.73,0.11102675497819788
"MA",25,4,752077,100742.0,41.1,0.26401004928012367,2.59,6.957173666319652e-2
"MA",25,5,766210,98775.0,38.1,0.26957365741075184,2.55,7.74754806443232e-2
"MA",25,6,774450,85951.0,42.9,0.27616954839319435,2.57,7.644566725592215e-2
"MA",25,7,806820,64310.0,31.7,0.23236590139556582,2.48,0.1870702566771183
"MA",25,8,762640,90323.0,39.8,0.27784914363985225,2.5,7.845980366322317e-2
"MA",25,9,747923,71685.0,46.1,0.2122847658395625,2.45,8.899526105185529e-2
"MI",26,1,698974,48416.0,46.6,0.16953426166312643,2.37,0.13066547639809753
"MI",26,2,737365,56103.0,37.6,0.1859056194096464,2.56,0.11753362189979431
"MI",26,3,743830,58999.0,37.1,0.2149926556247784,2.61,0.11654119782514545
"MI",26,4,702994,49448.0,41.6,0.13743479716174045,2.4699999999999998,0.14525128055939407
"MI",26,5,677788,44383.0,41.8,0.126348706297693,2.35,0.18625214174862376
"MI",26,6,718436,53414.0,38.7,0.17403469385200238,2.45,0.1338039291573527
"MI",26,7,701645,58899.0,42.3,0.1471469943564685,2.4699999999999998,0.10802761828535246
"MI",26,8,736333,71702.0,38.4,0.24119287591433605,2.55,0.11063659378080473
"MI",26,9,720890,58742.0,40.3,0.18709293496426618,2.34,0.12449339133016461
"MI",26,10,717703,63156.0,43.0,0.1461906853870385,2.52,9.634456470641542e-2
"MI",26,11,727901,82545.0,42.0,0.28558471045363043,2.5,5.96640682176044e-2
"MI",26,12,708060,57034.0,35.9,0.17560713969025007,2.48,0.16415949463811272
"MI",26,13,674157,35365.0,36.4,0.10148155104486689,2.5,0.2959686635390352
"MI",26,14,696235,46500.0,37.4,0.1604065080414844,2.51,0.20871313476919479
"MN",27,1,675755,61310.0,38.3,0.18697821217674607,2.46,0.11304808960465568
"MN",27,2,705074,81885.0,37.5,0.26675966681317376,2.65,5.319291510490297e-2
"MN",27,3,714299,89442.0,40.4,0.3128120430176079,2.55,4.994372657036717e-2
"MN",27,4,714075,68684.0,36.0,0.26081281184276756,2.56,0.11666236411094857
"MN",27,5,721389,63202.0,33.8,0.2964750926807528,2.34,0.14678380556196202
"MN",27,6,716009,79826.0,37.0,0.2194876059050479,2.73,5.732266228880224e-2
"MN",27,7,662695,55745.0,40.8,0.1609008188252025,2.45,0.11009151539503344
"MN",27,8,667310,56055.0,42.8,0.16322068956656915,2.42,0.11670804373249456
"MS",28,1,764896,47681.0,38.1,0.12993150943358758,2.73,0.1592302571178533
"MS",28,2,701238,35842.0,36.7,0.1145053238686779,2.63,0.26154512390397217
"MS",28,3,749247,45475.0,37.5,0.15569781606107191,2.61,0.196284389848827
"MS",28,4,768719,45442.0,37.4,0.13942091794213102,2.63,0.17992176792217895
"MO",29,1,729026,45789.0,36.0,0.17876079076500023,2.3,0.1782728075695536
"MO",29,2,764043,79497.0,42.8,0.2852319610714136,2.44,5.779183553488273e-2
"MO",29,3,792954,64529.0,38.9,0.17724294134396884,2.67,9.804471340506482e-2
"MO",29,4,769533,50963.0,36.9,0.15944255152767692,2.55,0.13987693743069035
"MO",29,5,770628,50663.0,36.9,0.17698495578419568,2.39,0.14681580500246202
"MO",29,6,773740,58778.0,38.6,0.1739241092086997,2.56,0.10775091807919114
"MO",29,7,777380,47225.0,37.9,0.16719877093588434,2.49,0.15095261358085002
"MO",29,8,736228,40542.0,40.9,0.10695084939497852,2.55,0.20112998812468796
"MT",30,0,1050493,53386.0,40.0,0.21740139788244853,2.41,0.12471974489342741
"NE",31,1,648060,60341.0,35.6,0.21083227132233018,2.4699999999999998,0.10606376793124597
"NE",31,2,668800,66390.0,34.9,0.2579864183888229,2.55,0.10158370625779473
"NE",31,3,603216,52434.0,39.9,0.15512165948090975,2.4,0.11640208917590758
"NV",32,1,720730,41281.0,36.5,0.10411537963202902,2.74,0.1883062697338746
"NV",32,2,720704,61225.0,39.7,0.17768457810576638,2.51,0.10203560726247135
"NV",32,3,803545,70804.0,39.3,0.2181244875637089,2.69,9.689677248333226e-2
"NV",32,4,753060,59714.0,36.7,0.15115483250198275,2.9,0.13679843905832606
"NH",33,1,673194,73488.0,42.0,0.23304433530453375,2.43,8.40408341438385e-2
"NH",33,2,669601,73249.0,44.3,0.21946154215429056,2.49,6.98081927143881e-2
"NJ",34,1,729675,69804.0,39.4,0.20536104511176625,2.63,0.10073263129787553
"NJ",34,2,713380,65467.0,42.2,0.17594813730899322,2.62,0.13562892550161895
"NJ",34,3,746035,82301.0,43.5,0.2208505910067702,2.61,6.589205684794162e-2
"NJ",34,4,756825,86365.0,40.7,0.26490330363049147,2.74,9.245121398761758e-2
"NJ",34,5,746385,100607.0,42.6,0.2947712683446052,2.8,5.364324418712518e-2
"NJ",34,6,742483,82451.0,37.7,0.2452549664684297,2.8,0.10665906713402859
"NJ",34,7,754222,113993.0,43.1,0.28840819268012285,2.8,5.286776745166884e-2
"NJ",34,8,777484,59257.0,35.0,0.2211975961830837,2.77,0.15468543328438789
"NJ",34,9,769504,67624.0,37.8,0.22171550534813206,2.85,0.14482777541171646
"NJ",34,10,781893,54440.0,35.9,0.20181876501158924,2.79,0.16756439712533805
"NJ",34,11,729569,112348.0,43.3,0.31077996036225886,2.68,3.5854329993431994e-2
"NJ",34,12,758189,85595.0,39.5,0.24826837251959952,2.79,8.276918990991772e-2
"NM",35,1,696688,50159.0,38.6,0.18281286793715582,2.52,0.1561108362196932
"NM",35,2,694692,42507.0,35.6,0.12121026742523626,2.74,0.21636087333800694
"NM",35,3,696690,47325.0,38.4,0.1502038626609442,2.75,0.2176351599852887
"NY",36,1,718652,92284.0,42.7,0.20302516004168528,2.88,6.318518518518519e-2
"NY",36,2,721373,97387.0,39.2,0.18530860210713276,3.27,7.336107493586268e-2
"NY",36,3,725627,107412.0,45.4,0.27874797379408145,2.84,5.9446906910364215e-2
"NY",36,4,728807,102205.0,40.6,0.23223615048899365,3.05,6.789630898418733e-2
"NY",36,5,798555,70481.0,37.5,0.1791105484273457,3.45,0.11072117625690484
"NY",36,6,761797,62278.0,40.9,0.20532819162900262,2.79,0.12131634487610413
"NY",36,7,755717,56197.0,33.5,0.20875223246609065,2.94,0.22958205046062782
"NY",36,8,793532,52956.0,36.1,0.1983789781831853,2.64,0.21111886935736238
"NY",36,9,750170,57453.0,36.8,0.2176103619453373,2.59,0.15542041048969474
"NY",36,10,733275,93629.0,37.0,0.29810828440965426,2.34,0.15951296315734229
"NY",36,11,755204,72633.0,40.0,0.208027184495558,2.85,0.13290784562071764
"NY",36,12,714279,107010.0,35.7,0.39881717162562486,1.9100000000000001,0.1019106993681981
"NY",36,13,802800,43880.0,34.9,0.1820169537136706,2.61,0.25422268205131443
"NY",36,14,691813,58331.0,38.8,0.1681427478244363,2.91,0.13167029388627075
"NY",36,15,781143,28042.0,31.4,0.10199158250916421,2.95,0.3618823902369943
"NY",36,16,742552,69463.0,40.5,0.20071567800308382,2.67,0.10782447876543652
"NY",36,17,746412,96125.0,38.8,0.23749272655509304,2.95,9.956121563588037e-2
"NY",36,18,730114,86211.0,39.5,0.20074024980881977,2.82,8.882083780302376e-2
"NY",36,19,700975,61662.0,44.9,0.16189202030061287,2.49,0.1236426923495646
"NY",36,20,732130,66532.0,39.3,0.20459023622678574,2.45,0.11299389233733638
"NY",36,21,705669,54311.0,40.6,0.1312364491653401,2.44,0.1331716535528076
"NY",36,22,696819,52212.0,41.1,0.14062644136022476,2.42,0.14777990983074046
"NY",36,23,702026,50747.0,40.5,0.13628620459609034,2.38,0.15273007968881253
"NY",36,24,707889,55721.0,40.0,0.1763445609704245,2.4,0.1427338656768466
"NY",36,25,719033,57149.0,38.9,0.20010418531308893,2.37,0.14823355446630473
"NY",36,26,714521,49148.0,38.2,0.1835449916477147,2.27,0.1874965804212921
"NY",36,27,718515,64032.0,44.2,0.17984736763912457,2.42,8.260647962841915e-2
"NC",37,1,759049,43853.0,38.0,0.1737057273652876,2.43,0.21087543545029167
"NC",37,2,835806,69552.0,38.7,0.23708514792010812,2.77,0.10475977247972891
"NC",37,3,755647,50479.0,37.0,0.1596777708718429,2.5,0.1673568323620921
"NC",37,4,856104,70293.0,34.9,0.31099432496593576,2.5,0.11274331426029201
"NC",37,5,758376,46513.0,40.8,0.17673906200818382,2.46,0.1689214949402525
"NC",37,6,768546,49867.0,41.1,0.16054795863908014,2.51,0.14701358965860126
"NC",37,7,800096,48345.0,41.7,0.17781937966564276,2.46,0.17240556345416072
"NC",37,8,789484,51621.0,36.2,0.18276562512022282,2.59,0.13684209153327628
"NC",37,9,788020,61369.0,39.1,0.21825359169497638,2.74,0.1486265391117358
"NC",37,10,760410,47064.0,41.9,0.15805326896494812,2.45,0.13809234035594706
"NC",37,11,759358,46337.0,45.5,0.1667901334703184,2.44,0.14081110862648213
"NC",37,12,860866,58787.0,34.1,0.2815542794888672,2.57,0.12751664401092663
"NC",37,13,781657,50803.0,39.5,0.19419116109567763,2.5,0.1475502590075011
"ND",38,0,755393,61843.0,35.4,0.21787483061237659,2.31,0.10321311295596794
"OH",39,1,740851,59719.0,36.8,0.2201590913750333,2.43,0.1586109585803752
"OH",39,2,728153,57083.0,40.1,0.18259268463060183,2.41,0.11899129770545458
"OH",39,3,782878,47123.0,32.6,0.18181656249628905,2.5,0.21942219849320757
"OH",39,4,710603,52370.0,40.8,0.1198616281778319,2.43,0.12740044018776253
"OH",39,5,717547,56835.0,39.5,0.16420660395675576,2.43,9.811686795150824e-2
"OH",39,6,696153,47067.0,43.5,9.929696112903906e-2,2.4699999999999998,0.14847140815823323
"OH",39,7,725665,54045.0,41.2,0.13130657035587667,2.52,0.12249928435148143
"OH",39,8,730445,58295.0,38.7,0.1518370905725012,2.58,0.10829877738084179
"OH",39,9,720715,43182.0,38.0,0.14229223389083365,2.33,0.19862944673989721
"OH",39,10,721456,51208.0,39.0,0.17271825961171203,2.32,0.14693588197407267
"OH",39,11,675475,35954.0,39.0,0.14766588348282425,2.16,0.2557158184063012
"OH",39,12,780529,71853.0,38.3,0.2648983660555628,2.59,8.239334232426565e-2
"OH",39,13,715559,45177.0,40.6,0.15248716079351649,2.2800000000000002,0.17453489545054976
"OH",39,14,724790,67163.0,43.7,0.21528377385409703,2.48,8.915598403042359e-2
"OH",39,15,772776,66694.0,37.7,0.193454465600733,2.55,0.11642646468713394
"OH",39,16,715014,66504.0,43.3,0.2178129883488616,2.44,7.835939766644101e-2
"OK",40,1,803883,53332.0,36.2,0.20286443668581297,2.57,0.1403042151632719
"OK",40,2,744806,40305.0,40.3,0.11158463635443762,2.58,0.1964937657383526
"OK",40,3,774066,50089.0,36.6,0.15411821637886913,2.65,0.15749780387193232
"OK",40,4,789947,54885.0,35.8,0.1720221466337818,2.61,0.13373896570323499
"OK",40,5,818162,50441.0,34.8,0.20074503931111942,2.6,0.16572334615351028
"OR",41,1,844175,75585.0,37.8,0.26665392497990625,2.6,8.742910414097976e-2
"OR",41,2,821129,51813.0,42.3,0.16054745477761592,2.46,0.13841964770389995
"OR",41,3,842158,64379.0,37.5,0.2546692828159519,2.5,0.14346930805123326
"OR",41,4,803611,49666.0,41.1,0.1631331988612792,2.42,0.16542840412113421
"OR",41,5,831703,63710.0,39.3,0.2002234233223083,2.67,0.12900690734061257
"PA",42,1,728366,45400.0,34.1,0.16346860024913676,2.63,0.23943426780086272
"PA",42,2,726135,39128.0,34.7,0.18530030390437793,2.32,0.2595886964332832
"PA",42,3,691184,52491.0,43.0,0.17655153433328746,2.36,0.1316498879661985
"PA",42,4,729945,63733.0,40.5,0.1746167387666172,2.5,9.934286545692887e-2
"PA",42,5,696063,50232.0,41.5,0.15570395661779474,2.4699999999999998,0.1485197505325692
"PA",42,6,728576,82203.0,40.7,0.26563000328116415,2.55,7.214047807989987e-2
"PA",42,7,725762,90546.0,41.9,0.25997113135234684,2.67,5.111081017512099e-2
"PA",42,8,713998,84772.0,43.7,0.2382058490591949,2.6,5.868720392590702e-2
"PA",42,9,687620,49356.0,43.8,0.13092469636958273,2.4,0.13360990000704914
"PA",42,10,694398,53146.0,44.3,0.1411831847133758,2.57,0.11281292975586493
"PA",42,11,701056,57248.0,42.9,0.15332614931017355,2.4,0.10354434849174923
"PA",42,12,689237,62451.0,45.6,0.19452553443474885,2.32,8.890789105141403e-2
"PA",42,13,728475,62427.0,38.3,0.22121564727202683,2.68,0.14318373692877384
"PA",42,14,687028,45970.0,38.4,0.20249519571767188,2.08,0.1673182445854935
"PA",42,15,734824,63128.0,40.0,0.17766199075481054,2.55,0.11124993324357522
"PA",42,16,731802,61049.0,37.5,0.1700699520228671,2.67,0.12360517664380273
"PA",42,17,697535,52689.0,43.1,0.14864951652330283,2.45,0.1306505453441946
"PA",42,18,713533,67503.0,44.4,0.24023444273609007,2.37,7.594820421468754e-2
"RI",44,1,539250,59193.0,38.5,0.1995662012815316,2.49,0.13156387946409573
"RI",44,2,520389,69702.0,40.5,0.20676862964609297,2.49,0.10038716262824014
"SC",45,1,782340,66337.0,39.5,0.24650660960705026,2.62,8.801163875841163e-2
"SC",45,2,713488,58665.0,38.7,0.21476884672579202,2.57,0.13008045663720388
"SC",45,3,687378,47004.0,40.6,0.13612180899644255,2.56,0.16731861919310168
"SC",45,4,731886,53006.0,38.2,0.19390243411707422,2.55,0.1289917735912626
"SC",45,5,718465,51131.0,40.1,0.16612897963178974,2.56,0.14931768458270786
"SC",45,6,670725,35615.0,36.0,0.11917358272948374,2.54,0.237659556894065
"SC",45,7,720087,42159.0,42.9,0.14235368476255145,2.55,0.1924910548658549
"SD",46,0,869666,56521.0,36.9,0.19110831089583488,2.43,0.13003595986130959
"TN",47,1,714912,42300.0,43.7,0.1257602683886709,2.41,0.1660373617468815
"TN",47,2,747673,52025.0,39.7,0.18797615781146923,2.45,0.1415210391856629
"TN",47,3,733082,47681.0,41.8,0.15671462898719152,2.45,0.14929822173133842
"TN",47,4,782024,56304.0,37.5,0.1691864303390871,2.65,0.1382326614615661
"TN",47,5,774096,57116.0,34.9,0.2525469349681668,2.4,0.14311062717306228
"TN",47,6,772984,53708.0,40.7,0.14865466740024627,2.61,0.1277397323343006
"TN",47,7,778057,57852.0,37.6,0.18648752992046946,2.68,0.11543114239868578
"TN",47,8,716130,56477.0,40.6,0.1721741161142829,2.6,0.1331927949979435
"TN",47,9,697026,40491.0,33.7,0.14612555326974627,2.6,0.2403494723009322
"TX",48,1,717376,49086.0,37.2,0.14372489091363436,2.73,0.18306216611766002
"TX",48,2,772262,77519.0,36.1,0.2693764694385523,2.71,0.10283050028885342
"TX",48,3,870763,95235.0,37.3,0.34289893273920974,2.82,6.251860535418825e-2
"TX",48,4,747188,56062.0,38.5,0.1549304531825065,2.76,0.13483073613386348
"TX",48,5,769579,52375.0,36.1,0.12624277316819468,2.88,0.13564980384725486
"TX",48,6,792043,66965.0,35.3,0.19135245287778574,2.96,0.100507390870034
"TX",48,7,800081,73130.0,34.5,0.28654310731711974,2.73,0.130191471707303
"TX",48,8,863498,70846.0,37.1,0.2077998682131546,2.89,0.10564200555440574
"TX",48,9,789535,48743.0,32.9,0.16364217904391132,2.95,0.1784187653163641
"TX",48,10,846261,75517.0,35.2,0.2648103522975068,2.87,7.897355837254252e-2
"TX",48,11,759467,55237.0,35.2,0.14490956366526866,2.77,0.12496006714134879
"TX",48,12,806551,67703.0,35.1,0.21776077303110652,2.7199999999999998,9.59418273790705e-2
"TX",48,13,713480,50557.0,36.2,0.14327607156504527,2.6,0.14037857690361263
"TX",48,14,765031,61516.0,36.9,0.16047978777707922,2.7,0.13805235900968524
"TX",48,15,790730,42474.0,31.2,0.13414226176216038,3.35,0.25700996832434625
"TX",48,16,742384,45563.0,32.8,0.15874020560054128,3.0,0.20261305069686386
"TX",48,17,771567,51036.0,33.2,0.19747241625118722,2.61,0.18260269990738925
"TX",48,18,800402,45584.0,32.4,0.14046717296900715,2.86,0.22427016995356502
"TX",48,19,734202,48590.0,33.1,0.14989195901070687,2.7,0.16980260279570233
"TX",48,20,806372,51086.0,32.0,0.15985795673490197,3.12,0.17586870273304697
"TX",48,21,809322,71486.0,37.8,0.2896353960598964,2.51,0.10277230971128609
"TX",48,22,897080,94048.0,36.0,0.2881879463857471,3.12,8.099802542462356e-2
"TX",48,23,769276,50338.0,33.3,0.1550065440894878,3.26,0.17121252097700265
"TX",48,24,800103,74127.0,35.8,0.2958573479765352,2.58,7.12340615987307e-2
"TX",48,25,789825,72046.0,36.4,0.24711769384618948,2.8,0.1055992863070759
"TX",48,26,879237,91650.0,35.5,0.3017410527531808,2.93,6.574320158677747e-2
"TX",48,27,740277,52790.0,37.1,0.13639833847770408,2.76,0.15578699030039192
"TX",48,28,753502,46777.0,31.7,0.1267802441155158,3.44,0.23602685117916244
"TX",48,29,761833,42792.0,30.5,7.582755013665965e-2,3.38,0.24105590250449233
"TX",48,30,774443,49972.0,32.8,0.13782721834599873,2.81,0.19313125878570656
"TX",48,31,853799,70346.0,34.8,0.2404373075007,2.9,8.902312053147134e-2
"TX",48,32,763452,70640.0,36.4,0.2734581986921298,2.6,0.1120255068914004
"TX",48,33,753565,42229.0,30.0,7.298462268650041e-2,3.35,0.21152379550715136
"TX",48,34,727595,37977.0,32.0,0.1141768434790715,3.35,0.27774366543111123
"TX",48,35,830041,48284.0,32.5,0.15661332212970744,2.87,0.19495530649875656
"TX",48,36,742474,57908.0,37.8,0.12266792631838097,2.84,0.1392510928428314
"UT",49,1,763612,67968.0,31.0,0.21060669635404683,3.14,9.376295548676868e-2
"UT",49,2,765809,61561.0,32.7,0.20795092871697288,2.92,0.11996184211576687
"UT",49,3,767012,71367.0,28.4,0.2748641538777893,3.27,9.801889716436117e-2
"UT",49,4,805400,72937.0,31.5,0.22315463883557526,3.21,7.795265379710101e-2
"VT",50,0,623657,57513.0,42.6,0.22486096155641103,2.33,0.11309434503269085
"VA",51,1,805159,88049.0,39.1,0.22775539485872875,2.85,6.853241523298151e-2
"VA",51,2,741514,70500.0,36.1,0.21301394049806985,2.55,9.051233665810644e-2
"VA",51,3,739840,52797.0,35.0,0.16712236743203915,2.5300000000000002,0.17257618467752922
"VA",51,4,771899,57684.0,37.5,0.1777115984506498,2.63,0.14880833301793447
"VA",51,5,727064,54726.0,42.6,0.1748424065413723,2.44,0.13142062200167798
"VA",51,6,752763,54525.0,39.5,0.1677454015196091,2.46,0.1289028300571588
"VA",51,7,790084,77533.0,39.7,0.24794747904190514,2.7199999999999998,7.673824531811853e-2
"VA",51,8,801609,104149.0,36.1,0.3067026592384125,2.51,8.598551947227415e-2
"VA",51,9,711755,43987.0,42.9,0.11624618486265506,2.44,0.18691076906723986
"VA",51,10,850118,122092.0,38.0,0.30246844053984956,3.03,4.040273286408003e-2
"VA",51,11,778215,106527.0,37.4,0.29019359988084986,2.88,6.619509723683697e-2
"WA",53,1,744868,94638.0,38.3,0.27262995509660254,2.66,6.701026031425521e-2
"WA",53,2,745184,69599.0,38.7,0.22039864563946082,2.52,9.837329469338656e-2
"WA",53,3,731931,66030.0,39.9,0.17270062959656843,2.63,0.12085403982000727
"WA",53,4,724053,54262.0,34.1,0.12713867053278888,2.91,0.154723498915064
"WA",53,5,716859,52214.0,37.9,0.18693718061820663,2.42,0.14149263607907672
"WA",53,6,713112,63129.0,41.5,0.1849694156444205,2.41,0.11906808381765478
"WA",53,7,768408,86452.0,36.9,0.3503317432556053,2.14,9.578996187431148e-2
"WA",53,8,757166,83495.0,37.6,0.22031493152236778,2.81,9.086812416172703e-2
"WA",53,9,765319,80283.0,36.9,0.2633228897967016,2.62,0.11079587105977454
"WA",53,10,738843,66307.0,36.1,0.18367670046895668,2.62,0.10848914198748567
"WV",54,1,611376,47450.0,41.2,0.13333991245074472,2.5,0.17305258783515653
"WV",54,2,621635,48426.0,42.5,0.12969845570491362,2.55,0.1688146976245981
"WV",54,3,582846,36000.0,43.2,0.10294273594909863,2.36,0.23284782190501907
"WI",55,1,715529,65381.0,40.6,0.19702365037310712,2.5,8.504856474038655e-2
"WI",55,2,761806,68089.0,36.4,0.2532600406081315,2.38,0.11666153554522758
"WI",55,3,720944,54704.0,38.7,0.17452178271601831,2.38,0.12338223357403501
"WI",55,4,708971,42087.0,33.2,0.17054323570586583,2.5,0.22466493371081842
"WI",55,5,730386,70709.0,41.6,0.25591629142755634,2.43,7.416446881846471e-2
"WI",55,6,715060,59685.0,42.1,0.17902744308168184,2.33,8.825839486797475e-2
"WI",55,7,710385,54355.0,44.4,0.15647025599807257,2.35,0.10632452561390508
"WI",55,8,732402,61163.0,40.5,0.18944572570269932,2.38,9.047474234570037e-2
"WY",56,0,579315,60434.0,37.5,0.1736187774052102,2.5,0.11332137385403067
