StateAbbreviation,StateFIPS,CongressionalDistrict,Population,YoungWhiteMale,OldWhiteMale,YoungWhiteFemale,OldWhiteFemale,YoungNonWhiteMale,OldNonWhiteMale,YoungNonWhiteFemale,OldNonWhiteFemale
"AL",1,1,696783,125333,104188,122114,116821,72881,34738,75174,45534
"AL",1,2,678622,120517,97477,116407,109379,81135,31927,80623,41157
"AL",1,3,706574,141495,101839,135726,113567,71104,31448,71267,40128
"AL",1,4,683372,163269,128870,159289,145044,30962,12608,26814,16516
"AL",1,5,706373,149150,118837,142622,131599,52036,23305,60146,28678
"AL",1,6,696788,149512,117029,151507,134695,52821,19859,51064,20301
"AL",1,7,680865,65198,45603,61739,51447,137001,67827,154887,97163
"AK",2,0,736732,156193,101403,134744,91244,96881,31105,90622,34540
"AZ",4,1,739373,134773,112637,125664,113079,90016,34573,88850,39781
"AZ",4,2,713036,151058,134606,141605,152964,51952,16696,44817,19338
"AZ",4,3,757119,189393,93633,180834,98403,74057,22951,71018,26830
"AZ",4,4,734258,153388,173048,138269,185696,33868,10888,26691,12410
"AZ",4,5,781441,200730,130250,193823,146054,38220,13734,42866,15764
"AZ",4,6,737185,165297,141349,164236,162562,38914,11665,38810,14352
"AZ",4,7,763089,169850,72102,169639,69021,108513,30614,108504,34846
"AZ",4,8,760904,157289,143859,168268,170777,41409,16178,44349,18775
"AZ",4,9,745079,187906,108870,157890,114513,72444,16216,65006,22234
"AR",5,1,723492,158469,124334,150292,137421,51061,22241,52548,27126
"AR",5,2,756326,158292,112455,155033,126569,69966,25663,75810,32538
"AR",5,3,767904,202592,122537,197577,138647,39632,14831,38549,13539
"AR",5,4,718647,144553,123172,136206,134323,59061,27919,61190,32223
"CA",6,1,710428,156131,146115,145730,161699,39533,14701,32119,14400
"CA",6,2,720049,140995,143703,130293,159236,51958,20928,50776,22160
"CA",6,3,720104,138957,93114,134015,104526,88728,38874,81894,39996
"CA",6,4,719688,158689,152451,144540,164783,34047,15609,31606,17963
"CA",6,5,722814,120322,106068,118745,123217,85190,37835,86221,45216
"CA",6,6,737671,118021,70588,111446,79030,125760,46382,129558,56886
"CA",6,7,736555,134942,103145,128054,120626,83304,38032,87255,41197
"CA",6,8,715953,167814,102361,158364,112663,60395,23738,63540,27078
"CA",6,9,738320,115201,83302,113868,90750,120505,47958,114417,52319
"CA",6,10,732084,167019,96781,166825,107037,73287,25351,67153,28631
"CA",6,11,739693,125511,101418,114739,117057,86434,45913,95708,52913
"CA",6,12,736123,121857,76982,104837,63624,105172,72323,109903,81425
"CA",6,13,743310,100812,65373,97066,68411,127483,64081,140309,79775
"CA",6,14,753002,92975,78545,90183,86236,130885,68210,124036,81932
"CA",6,15,753911,100314,79092,94117,86623,133080,62604,128299,69782
"CA",6,16,718849,132040,67593,135392,74058,118809,39792,109959,41206
"CA",6,17,756995,72166,55130,67544,55854,175361,75302,171747,83891
"CA",6,18,734378,128327,114156,117741,118647,88663,37401,86152,43291
"CA",6,19,746211,106346,71181,98734,75767,134619,64232,125609,69723
"CA",6,20,732074,184014,101977,172005,111212,58838,24883,51832,27313
"CA",6,21,712295,187131,75313,172040,73084,81529,29702,68743,24753
"CA",6,22,739418,175051,93410,165542,104099,72534,26432,73140,29210
"CA",6,23,747914,181750,100978,174355,109838,70583,22487,61005,26918
"CA",6,24,726519,175578,118851,161796,132981,52493,17483,48457,18880
"CA",6,25,718796,131150,90765,135813,97062,89668,38471,93230,42637
"CA",6,26,725795,175390,114640,168639,125071,46792,22553,46603,26107
"CA",6,27,714911,78279,65765,66634,72543,123824,80538,128733,98595
"CA",6,28,721435,144543,100226,127877,109632,79262,36198,76829,46868
"CA",6,29,718633,133404,68096,125038,72213,112457,49428,105108,52889
"CA",6,30,754331,140333,111100,129707,121887,87508,35740,84123,43933
"CA",6,31,738321,151965,72562,149152,82380,97819,39791,98744,45908
"CA",6,32,735945,97377,65622,99047,71701,134686,65497,126630,75385
"CA",6,33,714411,136670,124294,139999,132162,58750,27231,60175,35130
"CA",6,34,720406,112552,47241,96893,50903,136753,67878,130880,77306
"CA",6,35,732845,117103,59118,113318,61704,142189,52539,132767,54107
"CA",6,36,746522,127321,125703,125614,130687,87544,31572,83307,34774
"CA",6,37,723724,105562,55894,99017,63030,123115,63270,130022,83814
"CA",6,38,720208,103372,70109,101166,81743,120638,58186,118340,66654
"CA",6,39,716854,110685,79147,106285,85537,104813,57444,107207,65736
"CA",6,40,713940,137568,54618,132791,62070,116210,44615,115664,50404
"CA",6,41,739287,130030,63719,122877,74952,129823,43921,126418,47547
"CA",6,42,754191,156194,96962,151151,103268,85370,35455,87903,37888
"CA",6,43,731916,87759,49386,86067,52269,144824,68257,153571,89783
"CA",6,44,726147,115047,51655,108233,54205,139547,53669,137893,65898
"CA",6,45,763368,132182,105064,126536,122100,98163,36222,97223,45878
"CA",6,46,730783,158614,67584,146431,69209,102550,42223,98442,45730
"CA",6,47,718747,118428,85334,117396,88442,99987,49299,101996,57865
"CA",6,48,726491,124858,110515,117512,120902,81016,43562,78044,50082
"CA",6,49,728456,177609,118034,161874,125149,51993,20640,49060,24097
"CA",6,50,737332,169075,119517,154132,129369,59061,22668,57392,26118
"CA",6,51,720935,163944,72657,147315,80219,92961,35425,86351,42063
"CA",6,52,759602,160831,103820,144476,114455,84589,33927,80050,37454
"CA",6,53,753810,148270,94385,148360,101564,89386,38260,87520,46065
"CO",8,1,788694,210434,105263,199489,115094,54347,24655,53469,25943
"CO",8,2,765721,211865,142464,190282,150869,28081,7422,27067,7671
"CO",8,3,729368,180769,141700,171820,148739,31395,11648,30699,12598
"CO",8,4,768242,207936,135063,199205,141231,33230,10976,29236,11365
"CO",8,5,759664,187185,123593,170379,132628,60367,15805,51560,18147
"CO",8,6,772966,175430,108883,169488,121266,74691,23189,73016,27003
"CO",8,7,771211,211218,127896,196206,143986,33930,13164,32080,12731
"CT",9,1,711205,125761,116666,123013,137347,70831,29654,71189,36744
"CT",9,2,710798,159513,141828,152585,158429,39003,13460,33262,12718
"CT",9,3,720986,142927,117163,136430,142875,61766,22564,68374,28887
"CT",9,4,740215,142578,119982,141387,132595,72617,25946,71709,33401
"CT",9,5,713473,144317,135394,144587,148572,53424,18722,49428,19029
"DE",10,0,935614,168503,147377,165981,165672,97125,41000,97247,52709
"DC",11,98,658893,94764,37906,95967,36440,116934,63029,131105,82748
"FL",12,1,743897,164718,125718,146593,134682,64770,21707,56418,29291
"FL",12,2,711296,141031,107729,132154,112256,80546,30926,72964,33690
"FL",12,3,716034,158507,126376,149753,138581,52669,20644,48041,21463
"FL",12,4,714880,155670,116746,151196,130819,57208,21973,57628,23640
"FL",12,5,742217,84064,60608,80707,63357,144594,62332,162237,84318
"FL",12,6,736069,142449,165539,135094,184683,35819,16695,35946,19844
"FL",12,7,735643,166726,121326,162789,138104,56648,16799,50451,22800
"FL",12,8,715672,129878,160986,125491,179794,40032,17606,38267,23618
"FL",12,9,769993,181520,96558,179475,111635,71110,28351,67555,33789
"FL",12,10,758350,153158,136924,151027,150332,55553,25962,59654,25740
"FL",12,11,728133,120358,185284,116300,207751,31445,15510,31144,20341
"FL",12,12,729937,155649,153616,155318,177818,27935,14658,29772,15171
"FL",12,13,707503,132218,165193,128296,184789,31837,14545,33360,17265
"FL",12,14,757963,139469,91785,136757,106765,96652,38331,98938,49266
"FL",12,15,724176,147187,116173,146188,129013,68307,21289,67731,28288
"FL",12,16,744076,131778,184744,128112,214011,28277,12197,29238,15719
"FL",12,17,725251,137605,166882,126553,177459,43068,16997,37981,18706
"FL",12,18,731704,126924,158323,126657,179322,45285,21419,46903,26871
"FL",12,19,753542,132359,182791,129140,208154,33423,13998,37826,15851
"FL",12,20,745656,86538,72552,74520,74008,138480,64645,151511,83402
"FL",12,21,742664,136270,142391,130820,170230,56755,22137,52931,31130
"FL",12,22,731165,141071,154702,126270,163547,51415,21064,48954,24142
"FL",12,23,730033,148754,126724,145830,144005,55137,24669,57281,27633
"FL",12,24,741950,79157,51621,77289,58222,148883,75104,160043,91631
"FL",12,25,745358,181722,128326,175711,151384,38547,17254,34958,17456
"FL",12,26,749692,184479,133262,176355,152895,31291,18784,31896,20730
"FL",12,27,760443,189403,133516,185271,155521,32242,13647,31455,19388
"GA",13,1,729328,136804,90812,126003,100898,95456,36656,96719,45980
"GA",13,2,685342,87022,62141,74391,70709,127840,59977,130155,73107
"GA",13,3,725530,145652,106436,135955,115685,74122,27478,84600,35602
"GA",13,4,728367,63792,49575,57252,57647,167538,69620,170663,92280
"GA",13,5,738016,88152,40513,78924,36984,151295,74542,174748,92858
"GA",13,6,732089,152509,105625,143054,117205,79552,24494,79528,30122
"GA",13,7,752996,132911,85030,132488,92124,110770,40080,111589,48004
"GA",13,8,705698,131431,93469,125989,105212,85144,34425,85806,44222
"GA",13,9,717371,170072,135178,167444,147792,35717,11887,34844,14437
"GA",13,10,713570,142553,97521,139930,109438,70188,33498,80012,40430
"GA",13,11,725169,156027,106568,151343,116294,71561,20452,77485,25439
"GA",13,12,701628,124109,82334,113777,91805,98194,41495,99306,50608
"GA",13,13,741383,67606,54345,70239,61117,167113,61178,178432,81353
"GA",13,14,700856,174130,116840,175164,129897,40412,12098,37531,14784
"HI",15,1,707541,49768,27786,31556,22021,167213,112155,161935,135107
"HI",15,2,712020,66511,56194,52111,54764,154443,83243,148496,96258
"ID",16,1,834295,228391,158280,223064,168255,20450,6590,20809,8456
"ID",16,2,800169,229125,132404,218972,139616,33223,8587,29044,9198
"IL",17,1,717741,84875,60657,78754,70309,122331,70863,133160,96792
"IL",17,2,707817,71680,62993,71418,69682,129553,67649,140466,94376
"IL",17,3,730269,158082,115949,154779,131548,62596,20728,63984,22603
"IL",17,4,725616,147439,68911,138576,69340,112718,37775,108634,42223
"IL",17,5,717666,182726,105544,186572,110488,47834,16616,47478,20408
"IL",17,6,734700,165949,137236,156318,153727,42918,17376,41683,19493
"IL",17,7,727478,80164,45074,74394,43677,156616,67148,167060,93345
"IL",17,8,725320,146107,97478,133557,116275,89224,29869,81260,31550
"IL",17,9,710295,143591,107577,136787,126907,60821,33276,65307,36029
"IL",17,10,711698,160485,110201,153674,125123,57025,25286,52887,27017
"IL",17,11,712657,133373,87507,136229,95790,94786,30594,100184,34194
"IL",17,12,701698,152319,120949,146921,133711,51524,20150,50438,25686
"IL",17,13,715374,167499,116392,162563,134998,49896,14395,52966,16665
"IL",17,14,725522,182301,132224,177283,143048,33216,13397,30208,13845
"IL",17,15,705504,182075,144797,171792,158756,20456,7328,15195,5105
"IL",17,16,699582,171193,139808,168768,153582,24380,8744,24771,8336
"IL",17,17,701014,151643,128653,147837,144717,51074,14938,45075,17077
"IL",17,18,710629,178057,143879,168435,158723,25808,6310,23101,6316
"IN",18,1,718064,136424,110490,131921,123244,74745,29472,74890,36878
"IN",18,2,721627,180468,128402,173004,142690,36337,10201,37963,12562
"IN",18,3,734384,187812,128367,180793,142374,35704,10906,35563,12865
"IN",18,4,742958,198202,133291,188273,147518,31501,8595,29838,5740
"IN",18,5,743454,185590,124570,184951,142589,36189,13873,39431,16261
"IN",18,6,720106,188112,142526,182661,158361,19408,5438,16964,6636
"IN",18,7,756223,140000,85308,140484,94348,104352,36636,107881,47214
"IN",18,8,723064,191033,140020,179457,155982,22066,6991,20345,7170
"IN",18,9,736975,196498,136505,193395,151727,22596,5351,24237,6666
"IA",19,1,770612,192911,153236,192079,166670,28307,6456,25342,5611
"IA",19,2,776785,199821,147992,191558,162497,32233,8289,25442,8953
"IA",19,3,801039,215684,139827,210034,156542,30129,9321,30302,9200
"IA",19,4,758690,199622,153291,186128,169866,22481,5201,18266,3835
"KS",20,1,718346,194297,122481,175213,136666,35129,12020,32360,10180
"KS",20,2,715446,180611,129237,173653,142552,35775,10640,31378,11600
"KS",20,3,749250,183351,115352,181112,131037,50841,17403,49339,20815
"KS",20,4,720979,176611,119454,173246,131265,44794,16949,41815,16845
"KY",21,1,724041,181654,137245,172023,154655,30387,10189,25517,12371
"KY",21,2,742858,190909,134857,188924,149585,29497,9488,28087,11511
"KY",21,3,736532,148190,110457,142908,129651,68212,28126,72874,36114
"KY",21,4,748191,201668,140524,195496,154582,20342,8016,20512,7051
"KY",21,5,712274,196009,146302,183725,162393,9287,4492,6692,3374
"KY",21,6,749561,189516,122347,185164,139477,40603,15841,40441,16172
"LA",22,1,796858,178001,130871,172873,148352,57503,20523,63165,25570
"LA",22,2,775807,72494,53746,67721,55080,165205,82683,173680,105198
"LA",22,3,777665,161011,109364,159757,120672,77293,31951,80275,37342
"LA",22,4,756663,136245,94964,126511,105706,99229,43336,95039,55633
"LA",22,5,750819,129711,99548,122781,110381,100834,43304,93847,50413
"LA",22,6,791864,166313,110726,163759,122555,78867,28394,85660,35590
"ME",23,1,673835,161569,148328,158628,167946,12693,4357,15071,5243
"ME",23,2,656254,154240,151650,152360,165557,10732,4053,13852,3810
"MD",24,1,728405,156206,139282,151827,155933,42755,19535,39490,23377
"MD",24,2,743321,113559,88125,111976,99854,112640,43223,116513,57431
"MD",24,3,768378,132261,99673,135046,117532,91656,38080,103529,50601
"MD",24,4,742761,78336,50690,68465,56426,152239,74901,157425,104279
"MD",24,5,753079,111664,84368,106359,87224,114016,62695,111955,74798
"MD",24,6,755369,142112,112013,134965,124284,86321,35978,81743,37953
"MD",24,7,738431,73530,59801,68355,63141,142994,78375,152610,99625
"MD",24,8,746663,129954,113350,134584,131687,80275,35426,76835,44552
"MA",25,1,733426,157995,136975,160536,159348,41362,14907,44737,17566
"MA",25,2,736475,170233,136053,165912,152349,43418,13104,42324,13082
"MA",25,3,755778,153560,129107,154479,142310,68435,21845,61477,24565
"MA",25,4,748190,173591,142982,177857,159482,31461,13311,35716,13790
"MA",25,5,755944,162032,122146,159987,148419,61403,19405,60577,21975
"MA",25,6,757309,159927,152862,159946,175569,40577,13323,40704,14401
"MA",25,7,769929,138601,57634,136986,61889,128539,49018,132217,65045
"MA",25,8,751768,157681,125737,152538,150794,56805,21994,60389,25830
"MA",25,9,736589,157115,156992,150100,187696,27324,12225,32586,12551
"MI",26,1,703687,158689,167789,147302,176147,23181,8752,14329,7498
"MI",26,2,724843,174894,127369,171881,141636,40710,11687,43861,12805
"MI",26,3,725487,178334,125120,171184,135265,44007,14494,40898,16185
"MI",26,4,702630,180562,148199,173255,159410,17994,4861,13952,4397
"MI",26,5,687292,138673,120556,136005,136703,49860,22341,53998,29156
"MI",26,6,712100,165661,130875,163809,143917,39238,12909,39634,16057
"MI",26,7,702894,174331,146170,164470,157811,22832,9300,20026,7954
"MI",26,8,725201,176512,127321,173249,142561,38368,13302,39904,13984
"MI",26,9,720485,154740,128783,143167,146717,50246,17393,55243,24196
"MI",26,10,706525,173040,152174,168302,164401,18737,6900,15195,7776
"MI",26,11,718435,159365,131973,153580,148282,44821,17533,43071,19810
"MI",26,12,705207,163713,108372,158022,124118,56160,17228,55132,22462
"MI",26,13,687170,72740,57468,73830,60571,131906,63951,142521,84183
"MI",26,14,687921,60853,55324,58889,62502,129337,77609,141385,102022
"MN",27,1,666946,172640,129809,167006,141482,22494,6654,21959,4902
"MN",27,2,689759,167694,121290,166405,132307,41507,10141,39419,10996
"MN",27,3,685736,140398,128548,143426,144659,52027,11810,51039,13829
"MN",27,4,695920,135257,107907,134320,124237,77487,18495,78404,19813
"MN",27,5,706584,153709,91743,142030,103105,83526,23197,83925,25349
"MN",27,6,684784,192990,124314,183423,126297,24571,4820,23292,5077
"MN",27,7,662682,165445,140357,156378,150979,21735,5113,16936,5739
"MN",27,8,664762,162731,150006,151417,154650,18203,6205,15851,5699
"MS",28,1,760275,150017,108000,148637,121512,80244,30770,79074,42021
"MS",28,2,722640,59831,52810,54234,60912,162822,71044,169955,91032
"MS",28,3,749430,128884,99192,122150,109664,97152,41226,98538,52624
"MS",28,4,761734,157687,112133,151266,124266,77341,28675,75266,35100
"MO",29,1,744782,94755,69751,89529,75284,129886,58585,143254,83738
"MO",29,2,758288,176348,149343,177377,176487,27151,11504,27432,12646
"MO",29,3,766993,204783,148628,195948,159998,20871,6630,23549,6586
"MO",29,4,763003,199405,136607,191976,149747,33615,10133,31219,10301
"MO",29,5,758442,142429,106217,138046,123585,85660,32953,87895,41657
"MO",29,6,760291,197193,144831,192604,156409,27307,9006,23886,9055
"MO",29,7,765669,203371,142458,199963,162667,21796,8003,20050,7361
"MO",29,8,746121,186515,151731,179132,167154,23675,9373,19353,9188
"MT",30,0,1023579,252599,207168,238548,216256,40215,13427,39681,15685
"NE",31,1,634290,173271,109775,163593,121033,26377,6419,26946,6876
"NE",31,2,641045,166147,94869,160797,103610,43605,13249,42750,16018
"NE",31,3,606168,157393,124881,148278,137329,15962,4249,13759,4317
"NV",32,1,693623,112312,87733,94385,86157,113464,44690,106869,48013
"NV",32,2,697426,163480,131415,152399,132817,42209,16428,39120,19558
"NV",32,3,734973,141069,111805,137527,109366,78809,31838,84828,39731
"NV",32,4,713077,138947,96770,135467,99615,83711,32064,84099,42404
"NH",33,1,665612,164126,141575,161285,154390,16611,4779,16993,5853
"NH",33,2,661201,160536,144536,156900,156062,17875,4776,15351,5165
"NJ",34,1,732232,132199,108101,128921,124678,80077,33081,82661,42514
"NJ",34,2,733973,142353,126705,133106,143976,65103,27737,63165,31828
"NJ",34,3,734551,150104,138897,142011,159499,50575,21232,45162,27071
"NJ",34,4,748864,171021,137677,164778,167544,33809,17768,34669,21598
"NJ",34,5,745147,145825,139539,142700,149143,53928,26485,54133,33394
"NJ",34,6,748924,133599,101390,129866,111778,95471,37877,96456,42487
"NJ",34,7,748182,152832,138748,149189,157735,50792,22267,51826,24793
"NJ",34,8,762249,141676,79036,128061,88781,125562,40418,112629,46086
"NJ",34,9,759352,124435,87784,118665,104699,107489,48586,109985,57709
"NJ",34,10,742855,63561,42790,61489,47569,167076,78686,177644,104040
"NJ",34,11,739014,151955,140337,152550,161651,42072,21216,43842,25391
"NJ",34,12,742832,118739,96491,109673,109800,101096,49194,100318,57521
"NM",35,1,699493,140726,108186,133832,124689,66489,25771,71162,28638
"NM",35,2,699424,170398,115494,165399,123820,45078,19354,38151,21730
"NM",35,3,686655,124406,97296,112262,108951,83399,36182,82264,41895
"NY",36,1,725932,164431,143364,161819,159422,34857,14484,32295,15260
"NY",36,2,724171,151096,119942,143710,139277,60207,22591,59349,27999
"NY",36,3,718780,124098,137254,125826,152617,59877,30057,55942,33109
"NY",36,4,721920,124001,106243,118577,126749,83423,35310,82038,45579
"NY",36,5,760487,36733,29299,30156,36281,186892,106258,198847,136021
"NY",36,6,733419,83216,77658,79933,88956,118062,73299,124813,87482
"NY",36,7,732079,127621,46179,124786,52567,123904,60633,119926,76463
"NY",36,8,758543,62849,42144,62854,53097,163798,80571,178740,114490
"NY",36,9,755073,82909,45010,82707,49430,144531,73868,165108,111510
"NY",36,10,736997,155768,95988,156497,99991,74608,35130,78510,40505
"NY",36,11,726893,142163,108925,141175,130796,68244,31024,67567,36999
"NY",36,12,729253,157337,95460,171079,110938,66410,27249,73990,26790
"NY",36,13,782199,59812,36420,54316,38946,193984,79455,199778,119488
"NY",36,14,752344,113775,66136,107889,75206,138578,62529,121296,66935
"NY",36,15,750915,27879,16980,27921,21043,219660,83281,238594,115557
"NY",36,16,732521,97671,80009,91356,95170,114023,55917,120282,78093
"NY",36,17,739263,138815,110499,136190,129049,76067,33685,75002,39956
"NY",36,18,720115,147429,125109,142871,135053,64020,22600,57672,25361
"NY",36,19,708116,157327,155489,154486,167735,26096,12971,23514,10498
"NY",36,20,727913,157740,128261,153516,148270,50807,16726,54699,17894
"NY",36,21,713276,183068,144990,169245,156892,30411,7480,15941,5249
"NY",36,22,709851,170663,145568,164220,160022,25719,7995,27238,8426
"NY",36,23,715663,175760,145245,171583,158518,27984,7057,22769,6747
"NY",36,24,715188,160984,134192,158407,150487,41944,12752,42038,14384
"NY",36,25,721227,146499,118751,142528,138395,59951,22522,65589,26992
"NY",36,26,717332,137914,114940,127137,135987,68683,24941,74524,33206
"NY",36,27,716757,167689,154956,169364,173012,21918,9008,14075,6735
"NC",37,1,742851,79287,63375,75716,72485,138552,72040,142652,98744
"NC",37,2,774723,162595,110475,156681,124984,83148,28469,75843,32528
"NC",37,3,759653,177281,107703,153917,121080,72877,27287,67454,32054
"NC",37,4,795798,150086,74900,143386,84454,118281,44184,122792,57715
"NC",37,5,750233,165163,133195,160862,152302,46190,19279,49244,23998
"NC",37,6,755280,145775,135397,148784,152609,55681,25872,58929,32233
"NC",37,7,772311,151448,131376,148715,146511,62996,31364,61691,38210
"NC",37,8,746671,138537,108912,133782,117672,84949,35368,83166,44285
"NC",37,9,805960,179859,122361,180441,139218,62975,22897,69101,29108
"NC",37,10,744808,154908,139431,157378,155548,46686,18271,48961,23625
"NC",37,11,744956,162490,159319,157512,185532,32227,10901,25902,11073
"NC",37,12,778251,91807,47716,88784,52763,168700,65160,179071,84250
"NC",37,13,772469,158997,116564,160830,128304,69142,29950,69712,38970
"ND",38,0,739482,202486,132319,181536,138034,33644,7875,33156,10432
"OH",39,1,729726,149917,107845,143478,119689,70724,29046,73944,35083
"OH",39,2,724587,177269,131833,173321,150283,30763,13298,30780,17040
"OH",39,3,755499,140172,71377,136567,83122,112953,39030,122795,49483
"OH",39,4,709882,176030,140678,165408,154699,28735,10339,23400,10593
"OH",39,5,730503,187550,142953,183481,160748,19607,7126,21506,7532
"OH",39,6,713457,179778,155266,172708,172558,15630,4352,8229,4936
"OH",39,7,725548,180461,148071,177568,163800,20281,7926,19328,8113
"OH",39,8,722889,180346,134560,176781,149693,29768,10298,29288,12155
"OH",39,9,709813,144418,111741,146969,130615,66090,21885,60795,27300
"OH",39,10,720794,151959,119641,146846,136788,53955,23785,55910,31910
"OH",39,11,699736,72872,64309,67882,71919,125568,66147,140185,90854
"OH",39,12,755978,193767,136049,191600,149433,36262,10727,28378,9762
"OH",39,13,707940,155525,130074,148744,152727,41724,16380,42911,19855
"OH",39,14,722474,169123,154018,164678,173022,20117,8978,20701,11837
"OH",39,15,740854,197309,138171,186596,149396,29438,10252,20817,8875
"OH",39,16,724483,175880,155532,173098,173553,15287,5621,18109,7403
"OK",40,1,781067,160718,113626,157468,129977,80874,26226,81180,30998
"OK",40,2,749768,126913,121038,121794,131615,88273,36408,84694,39033
"OK",40,3,776896,182247,128760,168860,139900,60505,19581,54925,22118
"OK",40,4,773994,177551,114955,166882,129812,70072,23515,67489,23718
"OK",40,5,796326,165890,106156,163781,119538,85574,31680,86196,37511
"OR",41,1,805943,189002,132229,185600,146955,57429,18246,57677,18805
"OR",41,2,784114,185689,161285,175935,177442,31361,10953,31583,9866
"OR",41,3,806382,189072,124228,181576,135878,64368,23804,63144,24312
"OR",41,4,775615,182728,161890,176064,175522,28119,11012,27970,12310
"OR",41,5,798185,185630,146871,179636,165018,47978,12399,45336,15317
"PA",42,1,716072,108518,67437,99884,74809,125244,46977,128273,64930
"PA",42,2,716892,71676,35680,77207,43392,140342,75657,167266,105672
"PA",42,3,702323,167772,147569,162664,165398,21950,8231,20110,8629
"PA",42,4,719504,163911,138217,157738,153275,39110,13438,40013,13802
"PA",42,5,700531,180690,147361,169228,158201,22247,6115,13293,3396
"PA",42,6,716612,167042,137241,164670,153970,35335,11814,33601,12939
"PA",42,7,714577,161611,140133,162366,161441,31432,12994,29717,14883
"PA",42,8,713387,160833,147445,156400,164644,29915,12092,28558,13500
"PA",42,9,694973,170406,151218,166835,168845,14998,6168,12053,4450
"PA",42,10,696416,167534,154835,156980,165921,20738,7296,16664,6448
"PA",42,11,700342,163418,145145,157021,162104,29179,9844,23388,10243
"PA",42,12,704560,161302,158044,156673,177419,18080,7842,16597,8603
"PA",42,13,725185,129774,103406,119980,121417,84625,35722,86462,43799
"PA",42,14,701362,130920,111318,128121,130670,67224,26321,71802,34986
"PA",42,15,722560,155590,135941,155520,156354,45455,14285,46016,13399
"PA",42,16,722837,163120,121954,158675,138634,52815,16930,52190,18519
"PA",42,17,707062,163887,141737,158416,163647,31116,10894,26426,10939
"PA",42,18,712014,170115,153071,161128,183329,18804,6150,13824,5593
"RI",44,1,532145,113842,88226,108197,106136,43404,14240,43335,14765
"RI",44,2,523028,112334,100048,114859,114594,29595,9961,28106,13531
"SC",45,1,728626,155462,115399,148847,130420,56336,27018,61934,33210
"SC",45,2,686952,133734,103256,130942,117680,69761,27411,70545,33623
"SC",45,3,666489,138327,113504,135025,126161,50920,24437,48602,29513
"SC",45,4,703720,150995,107269,144885,123424,57839,24925,63442,30941
"SC",45,5,684083,126455,101664,125844,110596,70752,35419,69204,44149
"SC",45,6,673637,79035,53062,71309,54683,130917,66146,130655,87830
"SC",45,7,688975,112004,109679,109843,124641,73215,36418,76410,46765
"SD",46,0,853175,208999,155237,194416,166116,50798,12347,52092,13170
"TN",47,1,713317,172534,153042,172414,171529,16814,6394,14322,6268
"TN",47,2,726315,178478,136069,177554,155540,28897,9366,28047,12364
"TN",47,3,716365,164573,134505,158657,152080,33355,17263,34916,21016
"TN",47,4,747195,186753,125547,182069,140450,39917,13041,41611,17807
"TN",47,5,751222,149545,91839,149680,105001,88660,31544,93713,41240
"TN",47,6,733467,181756,145653,178599,162018,24734,9034,21479,10194
"TN",47,7,743173,184526,125462,181225,137559,41850,17851,36962,17738
"TN",47,8,710910,145004,118850,141694,134941,57903,24193,58927,29398
"TN",47,9,707388,53945,38750,52582,43981,171453,71099,180247,95331
"TX",48,1,712779,159968,110092,152442,124923,55535,25318,56327,28174
"TX",48,2,737492,161971,99967,154758,104132,78677,29266,74291,34430
"TX",48,3,792608,172621,104932,169784,115081,82081,29106,87023,31980
"TX",48,4,719372,161915,124685,157892,137374,48399,20731,45344,23032
"TX",48,5,734553,167868,107453,157044,116325,72531,24806,61434,27092
"TX",48,6,737480,149464,96563,152396,105213,83578,27358,88621,34287
"TX",48,7,770950,164820,98251,168446,100599,84856,29842,93560,30576
"TX",48,8,767431,195219,127402,185897,130325,45756,18604,44165,20063
"TX",48,9,772152,98153,39758,87563,43456,171854,68616,171228,91524
"TX",48,10,771009,185852,110961,172415,125525,64778,22558,64209,24711
"TX",48,11,741069,194630,125975,181511,138927,40186,13586,31858,14396
"TX",48,12,750952,182029,109673,180415,123252,53777,21796,56151,23859
"TX",48,13,707803,186385,120004,167319,128329,42840,14487,33488,14951
"TX",48,14,724881,158284,107706,147367,110723,66066,33621,64306,36808
"TX",48,15,764850,239475,94361,234312,109239,30592,13234,29269,14368
"TX",48,16,735246,203447,94550,193805,115098,49105,15629,44779,18833
"TX",48,17,740151,184143,91727,172023,103454,67077,23861,69566,28300
"TX",48,18,750812,123973,49120,113150,50465,146509,58308,140520,68767
"TX",48,19,719594,184892,105168,175397,115606,57770,18045,44535,18181
"TX",48,20,762801,207822,90619,206295,108712,58051,18379,49035,23888
"TX",48,21,766190,198035,138632,187285,149991,35837,11429,31326,13655
"TX",48,22,814594,163844,90399,156760,97764,101819,47001,107922,49085
"TX",48,23,743201,207261,108219,200659,118261,41503,15144,36166,15988
"TX",48,24,759022,148854,100325,147569,113708,93987,29213,93337,32029
"TX",48,25,748022,185119,119426,187327,129521,45941,15103,48017,17568
"TX",48,26,783257,202641,109279,201128,120651,57564,17112,56138,18744
"TX",48,27,726394,191887,121360,184823,132219,31009,15380,31927,17789
"TX",48,28,725977,217920,94769,217319,111317,28197,11059,28630,16766
"TX",48,29,749098,200603,75697,192778,81091,74322,26032,70514,28061
"TX",48,30,744247,124556,53774,123272,55318,119768,59336,131870,76353
"TX",48,31,776518,191874,102219,184648,113042,70584,21818,66346,25987
"TX",48,32,747437,160476,101277,152912,109645,75244,31981,80183,35719
"TX",48,33,742701,188881,68431,173420,67196,84621,32483,89755,37914
"TX",48,34,717582,219055,108237,216063,120847,19902,9187,14641,9650
"TX",48,35,767436,210608,86697,202970,93596,59154,25985,62503,25923
"TX",48,36,731297,182526,120603,173959,126430,44744,19307,40676,23052
"UT",49,1,727828,230904,100659,217816,105927,29355,7166,27022,8979
"UT",49,2,729552,202788,102383,192525,107298,53966,12035,47826,10731
"UT",49,3,721048,232359,95812,226543,99227,26196,6557,26568,7786
"UT",49,4,764474,231385,91585,227141,103666,45781,10596,43812,10508
"VT",50,0,626562,155985,135474,151895,148499,13020,4037,12569,5083
"VA",51,1,770044,158726,118063,154266,128260,71585,31403,72205,35536
"VA",51,2,732346,155051,95739,132891,107894,83918,30939,83354,42560
"VA",51,3,753380,87111,48039,75658,52570,155512,72038,166941,95511
"VA",51,4,746976,130121,98926,122359,105906,96546,46041,92908,54169
"VA",51,5,733330,137508,128406,136033,144070,58011,32386,56784,40132
"VA",51,6,746357,166966,134549,168834,154496,44173,17172,39802,20365
"VA",51,7,769995,158444,122966,157615,141933,61093,28261,63995,35688
"VA",51,8,774065,160916,90000,152629,96731,91367,38195,99941,44286
"VA",51,9,715465,177396,145895,165136,163388,23225,9852,19218,11355
"VA",51,10,802127,172206,121247,171447,122701,74607,31410,75125,33384
"VA",51,11,782204,148484,89044,138278,100783,105193,43941,105638,50843
"WA",53,1,713399,169962,121548,160992,128669,46762,16184,52329,16953
"WA",53,2,708323,154983,121518,146315,132198,56707,20059,54687,21856
"WA",53,3,697884,165592,133243,161990,142008,37339,11679,33424,12609
"WA",53,4,704219,169729,105973,161957,112545,60853,18985,56682,17495
"WA",53,5,690518,174294,126700,168923,139522,31879,10130,29225,9845
"WA",53,6,676910,146622,135298,131653,142729,42669,17739,38598,21602
"WA",53,7,732733,171086,112561,153113,122711,66728,21169,62066,23299
"WA",53,8,711629,160368,121344,163636,126051,52679,17130,50903,19518
"WA",53,9,711466,106526,81711,96546,85801,119416,48508,115275,57683
"WA",53,10,714449,154362,106530,148934,118754,72526,20506,65846,26991
"WV",54,1,616232,161012,127509,152307,142779,14386,3487,10827,3925
"WV",54,2,628276,153358,131533,152636,141759,18032,7528,16028,7402
"WV",54,3,605818,150133,128208,147569,142661,14448,5052,10332,7415
"WI",55,1,712072,169356,139630,166672,152183,30880,9094,33613,10644
"WI",55,2,740988,187167,130185,180154,142179,42092,8783,40328,10100
"WI",55,3,718518,191755,145776,182273,154837,20459,3691,16321,3406
"WI",55,4,717657,116087,73509,107979,82266,118615,38968,130195,50038
"WI",55,5,722537,181554,146080,172298,166150,21814,5876,22310,6455
"WI",55,6,712031,178508,152885,167068,164294,22673,5184,16740,4679
"WI",55,7,711006,168841,164846,162095,169121,18248,5394,16148,6313
"WI",55,8,722755,175072,147436,170897,157129,29711,7813,26982,7715
"WY",56,0,584153,161502,108813,149963,111402,20107,6759,18293,7314
